{
    "loss": 0.6939635872840881,
    "accuracy": 0.9482758641242981
}